query_id,execution_time_ms,query_plan_text
Q1,0.008,"[
  {
    ""Plan"": {
      ""Node Type"": ""Seq Scan"",
      ""Parallel Aware"": false,
      ""Async Capable"": false,
      ""Relation Name"": ""warehouse"",
      ""Alias"": ""warehouse"",
      ""Startup Cost"": 0.0,
      ""Total Cost"": 1.01,
      ""Plan Rows"": 1,
      ""Plan Width"": 5,
      ""Actual Startup Time"": 0.003,
      ""Actual Total Time"": 0.003,
      ""Actual Rows"": 1.0,
      ""Actual Loops"": 1,
      ""Disabled"": false,
      ""Filter"": ""(w_id = 1)"",
      ""Rows Removed by Filter"": 0,
      ""Shared Hit Blocks"": 1,
      ""Shared Read Blocks"": 0,
      ""Shared Dirtied Blocks"": 0,
      ""Shared Written Blocks"": 0,
      ""Local Hit Blocks"": 0,
      ""Local Read Blocks"": 0,
      ""Local Dirtied Blocks"": 0,
      ""Local Written Blocks"": 0,
      ""Temp Read Blocks"": 0,
      ""Temp Written Blocks"": 0
    },
    ""Planning"": {
      ""Shared Hit Blocks"": 0,
      ""Shared Read Blocks"": 0,
      ""Shared Dirtied Blocks"": 0,
      ""Shared Written Blocks"": 0,
      ""Local Hit Blocks"": 0,
      ""Local Read Blocks"": 0,
      ""Local Dirtied Blocks"": 0,
      ""Local Written Blocks"": 0,
      ""Temp Read Blocks"": 0,
      ""Temp Written Blocks"": 0
    },
    ""Planning Time"": 0.014,
    ""Triggers"": [],
    ""Execution Time"": 0.006
  }
]"
Q2,0.006,"[
  {
    ""Plan"": {
      ""Node Type"": ""Seq Scan"",
      ""Parallel Aware"": false,
      ""Async Capable"": false,
      ""Relation Name"": ""district"",
      ""Alias"": ""district"",
      ""Startup Cost"": 0.0,
      ""Total Cost"": 1.15,
      ""Plan Rows"": 1,
      ""Plan Width"": 9,
      ""Actual Startup Time"": 0.003,
      ""Actual Total Time"": 0.003,
      ""Actual Rows"": 1.0,
      ""Actual Loops"": 1,
      ""Disabled"": false,
      ""Filter"": ""((d_w_id = 1) AND (d_id = 3))"",
      ""Rows Removed by Filter"": 9,
      ""Shared Hit Blocks"": 1,
      ""Shared Read Blocks"": 0,
      ""Shared Dirtied Blocks"": 0,
      ""Shared Written Blocks"": 0,
      ""Local Hit Blocks"": 0,
      ""Local Read Blocks"": 0,
      ""Local Dirtied Blocks"": 0,
      ""Local Written Blocks"": 0,
      ""Temp Read Blocks"": 0,
      ""Temp Written Blocks"": 0
    },
    ""Planning"": {
      ""Shared Hit Blocks"": 0,
      ""Shared Read Blocks"": 0,
      ""Shared Dirtied Blocks"": 0,
      ""Shared Written Blocks"": 0,
      ""Local Hit Blocks"": 0,
      ""Local Read Blocks"": 0,
      ""Local Dirtied Blocks"": 0,
      ""Local Written Blocks"": 0,
      ""Temp Read Blocks"": 0,
      ""Temp Written Blocks"": 0
    },
    ""Planning Time"": 0.015,
    ""Triggers"": [],
    ""Execution Time"": 0.006
  }
]"
Q3,0.007,"[
  {
    ""Plan"": {
      ""Node Type"": ""Index Scan"",
      ""Parallel Aware"": false,
      ""Async Capable"": false,
      ""Scan Direction"": ""Forward"",
      ""Index Name"": ""customer_pkey"",
      ""Relation Name"": ""customer"",
      ""Alias"": ""customer"",
      ""Startup Cost"": 0.28,
      ""Total Cost"": 8.3,
      ""Plan Rows"": 1,
      ""Plan Width"": 14,
      ""Actual Startup Time"": 0.003,
      ""Actual Total Time"": 0.003,
      ""Actual Rows"": 1.0,
      ""Actual Loops"": 1,
      ""Disabled"": false,
      ""Index Cond"": ""((c_w_id = 1) AND (c_d_id = 3) AND (c_id = 42))"",
      ""Rows Removed by Index Recheck"": 0,
      ""Index Searches"": 1,
      ""Shared Hit Blocks"": 3,
      ""Shared Read Blocks"": 0,
      ""Shared Dirtied Blocks"": 0,
      ""Shared Written Blocks"": 0,
      ""Local Hit Blocks"": 0,
      ""Local Read Blocks"": 0,
      ""Local Dirtied Blocks"": 0,
      ""Local Written Blocks"": 0,
      ""Temp Read Blocks"": 0,
      ""Temp Written Blocks"": 0
    },
    ""Planning"": {
      ""Shared Hit Blocks"": 0,
      ""Shared Read Blocks"": 0,
      ""Shared Dirtied Blocks"": 0,
      ""Shared Written Blocks"": 0,
      ""Local Hit Blocks"": 0,
      ""Local Read Blocks"": 0,
      ""Local Dirtied Blocks"": 0,
      ""Local Written Blocks"": 0,
      ""Temp Read Blocks"": 0,
      ""Temp Written Blocks"": 0
    },
    ""Planning Time"": 0.023,
    ""Triggers"": [],
    ""Execution Time"": 0.007
  }
]"
Q4,0.008,"[
  {
    ""Plan"": {
      ""Node Type"": ""Seq Scan"",
      ""Parallel Aware"": false,
      ""Async Capable"": false,
      ""Relation Name"": ""item"",
      ""Alias"": ""item"",
      ""Startup Cost"": 0.0,
      ""Total Cost"": 2.25,
      ""Plan Rows"": 1,
      ""Plan Width"": 18,
      ""Actual Startup Time"": 0.006,
      ""Actual Total Time"": 0.006,
      ""Actual Rows"": 0.0,
      ""Actual Loops"": 1,
      ""Disabled"": false,
      ""Filter"": ""(i_id = 501)"",
      ""Rows Removed by Filter"": 100,
      ""Shared Hit Blocks"": 1,
      ""Shared Read Blocks"": 0,
      ""Shared Dirtied Blocks"": 0,
      ""Shared Written Blocks"": 0,
      ""Local Hit Blocks"": 0,
      ""Local Read Blocks"": 0,
      ""Local Dirtied Blocks"": 0,
      ""Local Written Blocks"": 0,
      ""Temp Read Blocks"": 0,
      ""Temp Written Blocks"": 0
    },
    ""Planning"": {
      ""Shared Hit Blocks"": 0,
      ""Shared Read Blocks"": 0,
      ""Shared Dirtied Blocks"": 0,
      ""Shared Written Blocks"": 0,
      ""Local Hit Blocks"": 0,
      ""Local Read Blocks"": 0,
      ""Local Dirtied Blocks"": 0,
      ""Local Written Blocks"": 0,
      ""Temp Read Blocks"": 0,
      ""Temp Written Blocks"": 0
    },
    ""Planning Time"": 0.012,
    ""Triggers"": [],
    ""Execution Time"": 0.008
  }
]"
Q5,0.009,"[
  {
    ""Plan"": {
      ""Node Type"": ""Seq Scan"",
      ""Parallel Aware"": false,
      ""Async Capable"": false,
      ""Relation Name"": ""stock"",
      ""Alias"": ""stock"",
      ""Startup Cost"": 0.0,
      ""Total Cost"": 5.5,
      ""Plan Rows"": 1,
      ""Plan Width"": 34,
      ""Actual Startup Time"": 0.006,
      ""Actual Total Time"": 0.006,
      ""Actual Rows"": 0.0,
      ""Actual Loops"": 1,
      ""Disabled"": false,
      ""Filter"": ""((s_i_id = 501) AND (s_w_id = 1))"",
      ""Rows Removed by Filter"": 100,
      ""Shared Hit Blocks"": 4,
      ""Shared Read Blocks"": 0,
      ""Shared Dirtied Blocks"": 0,
      ""Shared Written Blocks"": 0,
      ""Local Hit Blocks"": 0,
      ""Local Read Blocks"": 0,
      ""Local Dirtied Blocks"": 0,
      ""Local Written Blocks"": 0,
      ""Temp Read Blocks"": 0,
      ""Temp Written Blocks"": 0
    },
    ""Planning"": {
      ""Shared Hit Blocks"": 0,
      ""Shared Read Blocks"": 0,
      ""Shared Dirtied Blocks"": 0,
      ""Shared Written Blocks"": 0,
      ""Local Hit Blocks"": 0,
      ""Local Read Blocks"": 0,
      ""Local Dirtied Blocks"": 0,
      ""Local Written Blocks"": 0,
      ""Temp Read Blocks"": 0,
      ""Temp Written Blocks"": 0
    },
    ""Planning Time"": 0.015,
    ""Triggers"": [],
    ""Execution Time"": 0.009
  }
]"
Q6,0.008,"[
  {
    ""Plan"": {
      ""Node Type"": ""Index Scan"",
      ""Parallel Aware"": false,
      ""Async Capable"": false,
      ""Scan Direction"": ""Forward"",
      ""Index Name"": ""idx_customer_c_w_id_c_d_id_c_last_c_first"",
      ""Relation Name"": ""customer"",
      ""Alias"": ""customer"",
      ""Startup Cost"": 0.28,
      ""Total Cost"": 8.3,
      ""Plan Rows"": 1,
      ""Plan Width"": 15,
      ""Actual Startup Time"": 0.005,
      ""Actual Total Time"": 0.005,
      ""Actual Rows"": 0.0,
      ""Actual Loops"": 1,
      ""Disabled"": false,
      ""Index Cond"": ""((c_w_id = 1) AND (c_d_id = 3) AND ((c_last)::text = 'BARBARANTI'::text))"",
      ""Rows Removed by Index Recheck"": 0,
      ""Index Searches"": 1,
      ""Shared Hit Blocks"": 2,
      ""Shared Read Blocks"": 0,
      ""Shared Dirtied Blocks"": 0,
      ""Shared Written Blocks"": 0,
      ""Local Hit Blocks"": 0,
      ""Local Read Blocks"": 0,
      ""Local Dirtied Blocks"": 0,
      ""Local Written Blocks"": 0,
      ""Temp Read Blocks"": 0,
      ""Temp Written Blocks"": 0
    },
    ""Planning"": {
      ""Shared Hit Blocks"": 0,
      ""Shared Read Blocks"": 0,
      ""Shared Dirtied Blocks"": 0,
      ""Shared Written Blocks"": 0,
      ""Local Hit Blocks"": 0,
      ""Local Read Blocks"": 0,
      ""Local Dirtied Blocks"": 0,
      ""Local Written Blocks"": 0,
      ""Temp Read Blocks"": 0,
      ""Temp Written Blocks"": 0
    },
    ""Planning Time"": 0.032,
    ""Triggers"": [],
    ""Execution Time"": 0.009
  }
]"
Q7,0.007,"[
  {
    ""Plan"": {
      ""Node Type"": ""Limit"",
      ""Parallel Aware"": false,
      ""Async Capable"": false,
      ""Startup Cost"": 0.29,
      ""Total Cost"": 2.69,
      ""Plan Rows"": 1,
      ""Plan Width"": 16,
      ""Actual Startup Time"": 0.004,
      ""Actual Total Time"": 0.004,
      ""Actual Rows"": 1.0,
      ""Actual Loops"": 1,
      ""Disabled"": false,
      ""Shared Hit Blocks"": 3,
      ""Shared Read Blocks"": 0,
      ""Shared Dirtied Blocks"": 0,
      ""Shared Written Blocks"": 0,
      ""Local Hit Blocks"": 0,
      ""Local Read Blocks"": 0,
      ""Local Dirtied Blocks"": 0,
      ""Local Written Blocks"": 0,
      ""Temp Read Blocks"": 0,
      ""Temp Written Blocks"": 0,
      ""Plans"": [
        {
          ""Node Type"": ""Index Scan"",
          ""Parent Relationship"": ""Outer"",
          ""Parallel Aware"": false,
          ""Async Capable"": false,
          ""Scan Direction"": ""Backward"",
          ""Index Name"": ""idx_orders_o_w_id_o_d_id_o_c_id_o_id"",
          ""Relation Name"": ""orders"",
          ""Alias"": ""orders"",
          ""Startup Cost"": 0.29,
          ""Total Cost"": 24.26,
          ""Plan Rows"": 10,
          ""Plan Width"": 16,
          ""Actual Startup Time"": 0.004,
          ""Actual Total Time"": 0.004,
          ""Actual Rows"": 1.0,
          ""Actual Loops"": 1,
          ""Disabled"": false,
          ""Index Cond"": ""((o_w_id = 1) AND (o_d_id = 3) AND (o_c_id = 42))"",
          ""Rows Removed by Index Recheck"": 0,
          ""Index Searches"": 1,
          ""Shared Hit Blocks"": 3,
          ""Shared Read Blocks"": 0,
          ""Shared Dirtied Blocks"": 0,
          ""Shared Written Blocks"": 0,
          ""Local Hit Blocks"": 0,
          ""Local Read Blocks"": 0,
          ""Local Dirtied Blocks"": 0,
          ""Local Written Blocks"": 0,
          ""Temp Read Blocks"": 0,
          ""Temp Written Blocks"": 0
        }
      ]
    },
    ""Planning"": {
      ""Shared Hit Blocks"": 0,
      ""Shared Read Blocks"": 0,
      ""Shared Dirtied Blocks"": 0,
      ""Shared Written Blocks"": 0,
      ""Local Hit Blocks"": 0,
      ""Local Read Blocks"": 0,
      ""Local Dirtied Blocks"": 0,
      ""Local Written Blocks"": 0,
      ""Temp Read Blocks"": 0,
      ""Temp Written Blocks"": 0
    },
    ""Planning Time"": 0.028,
    ""Triggers"": [],
    ""Execution Time"": 0.007
  }
]"
Q8,0.009,"[
  {
    ""Plan"": {
      ""Node Type"": ""Index Scan"",
      ""Parallel Aware"": false,
      ""Async Capable"": false,
      ""Scan Direction"": ""Forward"",
      ""Index Name"": ""idx_order_line_ol_w_id_ol_d_id_ol_o_id_ol_number_ol_i_id_ol_amo"",
      ""Relation Name"": ""order_line"",
      ""Alias"": ""order_line"",
      ""Startup Cost"": 0.42,
      ""Total Cost"": 24.4,
      ""Plan Rows"": 10,
      ""Plan Width"": 26,
      ""Actual Startup Time"": 0.01,
      ""Actual Total Time"": 0.011,
      ""Actual Rows"": 8.0,
      ""Actual Loops"": 1,
      ""Disabled"": false,
      ""Index Cond"": ""((ol_w_id = 1) AND (ol_d_id = 3) AND (ol_o_id = 1000))"",
      ""Rows Removed by Index Recheck"": 0,
      ""Index Searches"": 1,
      ""Shared Hit Blocks"": 4,
      ""Shared Read Blocks"": 0,
      ""Shared Dirtied Blocks"": 0,
      ""Shared Written Blocks"": 0,
      ""Local Hit Blocks"": 0,
      ""Local Read Blocks"": 0,
      ""Local Dirtied Blocks"": 0,
      ""Local Written Blocks"": 0,
      ""Temp Read Blocks"": 0,
      ""Temp Written Blocks"": 0
    },
    ""Planning"": {
      ""Shared Hit Blocks"": 0,
      ""Shared Read Blocks"": 0,
      ""Shared Dirtied Blocks"": 0,
      ""Shared Written Blocks"": 0,
      ""Local Hit Blocks"": 0,
      ""Local Read Blocks"": 0,
      ""Local Dirtied Blocks"": 0,
      ""Local Written Blocks"": 0,
      ""Temp Read Blocks"": 0,
      ""Temp Written Blocks"": 0
    },
    ""Planning Time"": 0.044,
    ""Triggers"": [],
    ""Execution Time"": 0.017
  }
]"
Q9,0.009,"[
  {
    ""Plan"": {
      ""Node Type"": ""Limit"",
      ""Parallel Aware"": false,
      ""Async Capable"": false,
      ""Startup Cost"": 0.28,
      ""Total Cost"": 0.32,
      ""Plan Rows"": 1,
      ""Plan Width"": 4,
      ""Actual Startup Time"": 0.005,
      ""Actual Total Time"": 0.005,
      ""Actual Rows"": 1.0,
      ""Actual Loops"": 1,
      ""Disabled"": false,
      ""Shared Hit Blocks"": 3,
      ""Shared Read Blocks"": 0,
      ""Shared Dirtied Blocks"": 0,
      ""Shared Written Blocks"": 0,
      ""Local Hit Blocks"": 0,
      ""Local Read Blocks"": 0,
      ""Local Dirtied Blocks"": 0,
      ""Local Written Blocks"": 0,
      ""Temp Read Blocks"": 0,
      ""Temp Written Blocks"": 0,
      ""Plans"": [
        {
          ""Node Type"": ""Index Only Scan"",
          ""Parent Relationship"": ""Outer"",
          ""Parallel Aware"": false,
          ""Async Capable"": false,
          ""Scan Direction"": ""Forward"",
          ""Index Name"": ""new_order_pkey"",
          ""Relation Name"": ""new_order"",
          ""Alias"": ""new_order"",
          ""Startup Cost"": 0.28,
          ""Total Cost"": 24.28,
          ""Plan Rows"": 600,
          ""Plan Width"": 4,
          ""Actual Startup Time"": 0.005,
          ""Actual Total Time"": 0.005,
          ""Actual Rows"": 1.0,
          ""Actual Loops"": 1,
          ""Disabled"": false,
          ""Index Cond"": ""((no_w_id = 1) AND (no_d_id = 3))"",
          ""Rows Removed by Index Recheck"": 0,
          ""Heap Fetches"": 0,
          ""Index Searches"": 1,
          ""Shared Hit Blocks"": 3,
          ""Shared Read Blocks"": 0,
          ""Shared Dirtied Blocks"": 0,
          ""Shared Written Blocks"": 0,
          ""Local Hit Blocks"": 0,
          ""Local Read Blocks"": 0,
          ""Local Dirtied Blocks"": 0,
          ""Local Written Blocks"": 0,
          ""Temp Read Blocks"": 0,
          ""Temp Written Blocks"": 0
        }
      ]
    },
    ""Planning"": {
      ""Shared Hit Blocks"": 0,
      ""Shared Read Blocks"": 0,
      ""Shared Dirtied Blocks"": 0,
      ""Shared Written Blocks"": 0,
      ""Local Hit Blocks"": 0,
      ""Local Read Blocks"": 0,
      ""Local Dirtied Blocks"": 0,
      ""Local Written Blocks"": 0,
      ""Temp Read Blocks"": 0,
      ""Temp Written Blocks"": 0
    },
    ""Planning Time"": 0.021,
    ""Triggers"": [],
    ""Execution Time"": 0.009
  }
]"
Q10,0.012,"[
  {
    ""Plan"": {
      ""Node Type"": ""Aggregate"",
      ""Strategy"": ""Plain"",
      ""Partial Mode"": ""Simple"",
      ""Parallel Aware"": false,
      ""Async Capable"": false,
      ""Startup Cost"": 4.68,
      ""Total Cost"": 4.69,
      ""Plan Rows"": 1,
      ""Plan Width"": 32,
      ""Actual Startup Time"": 0.008,
      ""Actual Total Time"": 0.008,
      ""Actual Rows"": 1.0,
      ""Actual Loops"": 1,
      ""Disabled"": false,
      ""Shared Hit Blocks"": 4,
      ""Shared Read Blocks"": 0,
      ""Shared Dirtied Blocks"": 0,
      ""Shared Written Blocks"": 0,
      ""Local Hit Blocks"": 0,
      ""Local Read Blocks"": 0,
      ""Local Dirtied Blocks"": 0,
      ""Local Written Blocks"": 0,
      ""Temp Read Blocks"": 0,
      ""Temp Written Blocks"": 0,
      ""Plans"": [
        {
          ""Node Type"": ""Index Only Scan"",
          ""Parent Relationship"": ""Outer"",
          ""Parallel Aware"": false,
          ""Async Capable"": false,
          ""Scan Direction"": ""Forward"",
          ""Index Name"": ""idx_order_line_ol_w_id_ol_d_id_ol_o_id_ol_number_ol_i_id_ol_amo"",
          ""Relation Name"": ""order_line"",
          ""Alias"": ""order_line"",
          ""Startup Cost"": 0.42,
          ""Total Cost"": 4.65,
          ""Plan Rows"": 10,
          ""Plan Width"": 6,
          ""Actual Startup Time"": 0.004,
          ""Actual Total Time"": 0.005,
          ""Actual Rows"": 8.0,
          ""Actual Loops"": 1,
          ""Disabled"": false,
          ""Index Cond"": ""((ol_w_id = 1) AND (ol_d_id = 3) AND (ol_o_id = 1000))"",
          ""Rows Removed by Index Recheck"": 0,
          ""Heap Fetches"": 0,
          ""Index Searches"": 1,
          ""Shared Hit Blocks"": 4,
          ""Shared Read Blocks"": 0,
          ""Shared Dirtied Blocks"": 0,
          ""Shared Written Blocks"": 0,
          ""Local Hit Blocks"": 0,
          ""Local Read Blocks"": 0,
          ""Local Dirtied Blocks"": 0,
          ""Local Written Blocks"": 0,
          ""Temp Read Blocks"": 0,
          ""Temp Written Blocks"": 0
        }
      ]
    },
    ""Planning"": {
      ""Shared Hit Blocks"": 0,
      ""Shared Read Blocks"": 0,
      ""Shared Dirtied Blocks"": 0,
      ""Shared Written Blocks"": 0,
      ""Local Hit Blocks"": 0,
      ""Local Read Blocks"": 0,
      ""Local Dirtied Blocks"": 0,
      ""Local Written Blocks"": 0,
      ""Temp Read Blocks"": 0,
      ""Temp Written Blocks"": 0
    },
    ""Planning Time"": 0.034,
    ""Triggers"": [],
    ""Execution Time"": 0.015
  }
]"
Q11,0.047,"[
  {
    ""Plan"": {
      ""Node Type"": ""Aggregate"",
      ""Strategy"": ""Plain"",
      ""Partial Mode"": ""Simple"",
      ""Parallel Aware"": false,
      ""Async Capable"": false,
      ""Startup Cost"": 19.5,
      ""Total Cost"": 19.51,
      ""Plan Rows"": 1,
      ""Plan Width"": 8,
      ""Actual Startup Time"": 0.034,
      ""Actual Total Time"": 0.034,
      ""Actual Rows"": 1.0,
      ""Actual Loops"": 1,
      ""Disabled"": false,
      ""Shared Hit Blocks"": 9,
      ""Shared Read Blocks"": 0,
      ""Shared Dirtied Blocks"": 0,
      ""Shared Written Blocks"": 0,
      ""Local Hit Blocks"": 0,
      ""Local Read Blocks"": 0,
      ""Local Dirtied Blocks"": 0,
      ""Local Written Blocks"": 0,
      ""Temp Read Blocks"": 0,
      ""Temp Written Blocks"": 0,
      ""Plans"": [
        {
          ""Node Type"": ""Sort"",
          ""Parent Relationship"": ""Outer"",
          ""Parallel Aware"": false,
          ""Async Capable"": false,
          ""Startup Cost"": 19.49,
          ""Total Cost"": 19.5,
          ""Plan Rows"": 2,
          ""Plan Width"": 4,
          ""Actual Startup Time"": 0.033,
          ""Actual Total Time"": 0.033,
          ""Actual Rows"": 5.0,
          ""Actual Loops"": 1,
          ""Disabled"": false,
          ""Sort Key"": [
            ""stock.s_i_id""
          ],
          ""Sort Method"": ""quicksort"",
          ""Sort Space Used"": 25,
          ""Sort Space Type"": ""Memory"",
          ""Shared Hit Blocks"": 9,
          ""Shared Read Blocks"": 0,
          ""Shared Dirtied Blocks"": 0,
          ""Shared Written Blocks"": 0,
          ""Local Hit Blocks"": 0,
          ""Local Read Blocks"": 0,
          ""Local Dirtied Blocks"": 0,
          ""Local Written Blocks"": 0,
          ""Temp Read Blocks"": 0,
          ""Temp Written Blocks"": 0,
          ""Plans"": [
            {
              ""Node Type"": ""Hash Join"",
              ""Parent Relationship"": ""Outer"",
              ""Parallel Aware"": false,
              ""Async Capable"": false,
              ""Join Type"": ""Inner"",
              ""Startup Cost"": 5.94,
              ""Total Cost"": 19.48,
              ""Plan Rows"": 2,
              ""Plan Width"": 4,
              ""Actual Startup Time"": 0.016,
              ""Actual Total Time"": 0.032,
              ""Actual Rows"": 5.0,
              ""Actual Loops"": 1,
              ""Disabled"": false,
              ""Inner Unique"": true,
              ""Hash Cond"": ""(order_line.ol_i_id = stock.s_i_id)"",
              ""Shared Hit Blocks"": 9,
              ""Shared Read Blocks"": 0,
              ""Shared Dirtied Blocks"": 0,
              ""Shared Written Blocks"": 0,
              ""Local Hit Blocks"": 0,
              ""Local Read Blocks"": 0,
              ""Local Dirtied Blocks"": 0,
              ""Local Written Blocks"": 0,
              ""Temp Read Blocks"": 0,
              ""Temp Written Blocks"": 0,
              ""Plans"": [
                {
                  ""Node Type"": ""Index Only Scan"",
                  ""Parent Relationship"": ""Outer"",
                  ""Parallel Aware"": false,
                  ""Async Capable"": false,
                  ""Scan Direction"": ""Forward"",
                  ""Index Name"": ""idx_order_line_ol_w_id_ol_d_id_ol_o_id_ol_number_ol_i_id_ol_amo"",
                  ""Relation Name"": ""order_line"",
                  ""Alias"": ""order_line"",
                  ""Startup Cost"": 0.42,
                  ""Total Cost"": 13.42,
                  ""Plan Rows"": 200,
                  ""Plan Width"": 4,
                  ""Actual Startup Time"": 0.006,
                  ""Actual Total Time"": 0.016,
                  ""Actual Rows"": 200.0,
                  ""Actual Loops"": 1,
                  ""Disabled"": false,
                  ""Index Cond"": ""((ol_w_id = 1) AND (ol_d_id = 3) AND (ol_o_id < 1000) AND (ol_o_id >= 980))"",
                  ""Rows Removed by Index Recheck"": 0,
                  ""Heap Fetches"": 0,
                  ""Index Searches"": 1,
                  ""Shared Hit Blocks"": 5,
                  ""Shared Read Blocks"": 0,
                  ""Shared Dirtied Blocks"": 0,
                  ""Shared Written Blocks"": 0,
                  ""Local Hit Blocks"": 0,
                  ""Local Read Blocks"": 0,
                  ""Local Dirtied Blocks"": 0,
                  ""Local Written Blocks"": 0,
                  ""Temp Read Blocks"": 0,
                  ""Temp Written Blocks"": 0
                },
                {
                  ""Node Type"": ""Hash"",
                  ""Parent Relationship"": ""Inner"",
                  ""Parallel Aware"": false,
                  ""Async Capable"": false,
                  ""Startup Cost"": 5.5,
                  ""Total Cost"": 5.5,
                  ""Plan Rows"": 1,
                  ""Plan Width"": 4,
                  ""Actual Startup Time"": 0.008,
                  ""Actual Total Time"": 0.008,
                  ""Actual Rows"": 2.0,
                  ""Actual Loops"": 1,
                  ""Disabled"": false,
                  ""Hash Buckets"": 1024,
                  ""Original Hash Buckets"": 1024,
                  ""Hash Batches"": 1,
                  ""Original Hash Batches"": 1,
                  ""Peak Memory Usage"": 9,
                  ""Shared Hit Blocks"": 4,
                  ""Shared Read Blocks"": 0,
                  ""Shared Dirtied Blocks"": 0,
                  ""Shared Written Blocks"": 0,
                  ""Local Hit Blocks"": 0,
                  ""Local Read Blocks"": 0,
                  ""Local Dirtied Blocks"": 0,
                  ""Local Written Blocks"": 0,
                  ""Temp Read Blocks"": 0,
                  ""Temp Written Blocks"": 0,
                  ""Plans"": [
                    {
                      ""Node Type"": ""Seq Scan"",
                      ""Parent Relationship"": ""Outer"",
                      ""Parallel Aware"": false,
                      ""Async Capable"": false,
                      ""Relation Name"": ""stock"",
                      ""Alias"": ""stock"",
                      ""Startup Cost"": 0.0,
                      ""Total Cost"": 5.5,
                      ""Plan Rows"": 1,
                      ""Plan Width"": 4,
                      ""Actual Startup Time"": 0.005,
                      ""Actual Total Time"": 0.008,
                      ""Actual Rows"": 2.0,
                      ""Actual Loops"": 1,
                      ""Disabled"": false,
                      ""Filter"": ""((s_quantity < 15) AND (s_w_id = 1))"",
                      ""Rows Removed by Filter"": 98,
                      ""Shared Hit Blocks"": 4,
                      ""Shared Read Blocks"": 0,
                      ""Shared Dirtied Blocks"": 0,
                      ""Shared Written Blocks"": 0,
                      ""Local Hit Blocks"": 0,
                      ""Local Read Blocks"": 0,
                      ""Local Dirtied Blocks"": 0,
                      ""Local Written Blocks"": 0,
                      ""Temp Read Blocks"": 0,
                      ""Temp Written Blocks"": 0
                    }
                  ]
                }
              ]
            }
          ]
        }
      ]
    },
    ""Planning"": {
      ""Shared Hit Blocks"": 0,
      ""Shared Read Blocks"": 0,
      ""Shared Dirtied Blocks"": 0,
      ""Shared Written Blocks"": 0,
      ""Local Hit Blocks"": 0,
      ""Local Read Blocks"": 0,
      ""Local Dirtied Blocks"": 0,
      ""Local Written Blocks"": 0,
      ""Temp Read Blocks"": 0,
      ""Temp Written Blocks"": 0
    },
    ""Planning Time"": 0.066,
    ""Triggers"": [],
    ""Execution Time"": 0.044
  }
]"
Q12,97.215,"[
  {
    ""Plan"": {
      ""Node Type"": ""Limit"",
      ""Parallel Aware"": false,
      ""Async Capable"": false,
      ""Startup Cost"": 9100.38,
      ""Total Cost"": 9100.4,
      ""Plan Rows"": 10,
      ""Plan Width"": 38,
      ""Actual Startup Time"": 92.731,
      ""Actual Total Time"": 95.886,
      ""Actual Rows"": 10.0,
      ""Actual Loops"": 1,
      ""Disabled"": false,
      ""Shared Hit Blocks"": 91921,
      ""Shared Read Blocks"": 0,
      ""Shared Dirtied Blocks"": 0,
      ""Shared Written Blocks"": 0,
      ""Local Hit Blocks"": 0,
      ""Local Read Blocks"": 0,
      ""Local Dirtied Blocks"": 0,
      ""Local Written Blocks"": 0,
      ""Temp Read Blocks"": 0,
      ""Temp Written Blocks"": 0,
      ""Plans"": [
        {
          ""Node Type"": ""Sort"",
          ""Parent Relationship"": ""Outer"",
          ""Parallel Aware"": false,
          ""Async Capable"": false,
          ""Startup Cost"": 9100.38,
          ""Total Cost"": 9102.68,
          ""Plan Rows"": 922,
          ""Plan Width"": 38,
          ""Actual Startup Time"": 92.731,
          ""Actual Total Time"": 95.884,
          ""Actual Rows"": 10.0,
          ""Actual Loops"": 1,
          ""Disabled"": false,
          ""Sort Key"": [
            ""(sum(order_line.ol_amount)) DESC""
          ],
          ""Sort Method"": ""top-N heapsort"",
          ""Sort Space Used"": 25,
          ""Sort Space Type"": ""Memory"",
          ""Shared Hit Blocks"": 91921,
          ""Shared Read Blocks"": 0,
          ""Shared Dirtied Blocks"": 0,
          ""Shared Written Blocks"": 0,
          ""Local Hit Blocks"": 0,
          ""Local Read Blocks"": 0,
          ""Local Dirtied Blocks"": 0,
          ""Local Written Blocks"": 0,
          ""Temp Read Blocks"": 0,
          ""Temp Written Blocks"": 0,
          ""Plans"": [
            {
              ""Node Type"": ""Aggregate"",
              ""Strategy"": ""Sorted"",
              ""Partial Mode"": ""Finalize"",
              ""Parent Relationship"": ""Outer"",
              ""Parallel Aware"": false,
              ""Async Capable"": false,
              ""Startup Cost"": 8878.58,
              ""Total Cost"": 9080.45,
              ""Plan Rows"": 922,
              ""Plan Width"": 38,
              ""Actual Startup Time"": 91.951,
              ""Actual Total Time"": 95.78,
              ""Actual Rows"": 922.0,
              ""Actual Loops"": 1,
              ""Disabled"": false,
              ""Group Key"": [
                ""customer.c_last""
              ],
              ""Shared Hit Blocks"": 91921,
              ""Shared Read Blocks"": 0,
              ""Shared Dirtied Blocks"": 0,
              ""Shared Written Blocks"": 0,
              ""Local Hit Blocks"": 0,
              ""Local Read Blocks"": 0,
              ""Local Dirtied Blocks"": 0,
              ""Local Written Blocks"": 0,
              ""Temp Read Blocks"": 0,
              ""Temp Written Blocks"": 0,
              ""Plans"": [
                {
                  ""Node Type"": ""Gather Merge"",
                  ""Parent Relationship"": ""Outer"",
                  ""Parallel Aware"": false,
                  ""Async Capable"": false,
                  ""Startup Cost"": 8878.58,
                  ""Total Cost"": 9057.17,
                  ""Plan Rows"": 1567,
                  ""Plan Width"": 38,
                  ""Actual Startup Time"": 91.947,
                  ""Actual Total Time"": 95.403,
                  ""Actual Rows"": 1516.0,
                  ""Actual Loops"": 1,
                  ""Disabled"": false,
                  ""Workers Planned"": 1,
                  ""Workers Launched"": 1,
                  ""Shared Hit Blocks"": 91921,
                  ""Shared Read Blocks"": 0,
                  ""Shared Dirtied Blocks"": 0,
                  ""Shared Written Blocks"": 0,
                  ""Local Hit Blocks"": 0,
                  ""Local Read Blocks"": 0,
                  ""Local Dirtied Blocks"": 0,
                  ""Local Written Blocks"": 0,
                  ""Temp Read Blocks"": 0,
                  ""Temp Written Blocks"": 0,
                  ""Plans"": [
                    {
                      ""Node Type"": ""Sort"",
                      ""Parent Relationship"": ""Outer"",
                      ""Parallel Aware"": false,
                      ""Async Capable"": false,
                      ""Startup Cost"": 7878.57,
                      ""Total Cost"": 7880.88,
                      ""Plan Rows"": 922,
                      ""Plan Width"": 38,
                      ""Actual Startup Time"": 79.171,
                      ""Actual Total Time"": 79.19,
                      ""Actual Rows"": 758.0,
                      ""Actual Loops"": 2,
                      ""Disabled"": false,
                      ""Sort Key"": [
                        ""customer.c_last""
                      ],
                      ""Sort Method"": ""quicksort"",
                      ""Sort Space Used"": 99,
                      ""Sort Space Type"": ""Memory"",
                      ""Shared Hit Blocks"": 91921,
                      ""Shared Read Blocks"": 0,
                      ""Shared Dirtied Blocks"": 0,
                      ""Shared Written Blocks"": 0,
                      ""Local Hit Blocks"": 0,
                      ""Local Read Blocks"": 0,
                      ""Local Dirtied Blocks"": 0,
                      ""Local Written Blocks"": 0,
                      ""Temp Read Blocks"": 0,
                      ""Temp Written Blocks"": 0,
                      ""Workers"": [
                        {
                          ""Worker Number"": 0,
                          ""Sort Method"": ""quicksort"",
                          ""Sort Space Used"": 87,
                          ""Sort Space Type"": ""Memory""
                        }
                      ],
                      ""Plans"": [
                        {
                          ""Node Type"": ""Aggregate"",
                          ""Strategy"": ""Hashed"",
                          ""Partial Mode"": ""Partial"",
                          ""Parent Relationship"": ""Outer"",
                          ""Parallel Aware"": false,
                          ""Async Capable"": false,
                          ""Startup Cost"": 7821.64,
                          ""Total Cost"": 7833.17,
                          ""Plan Rows"": 922,
                          ""Plan Width"": 38,
                          ""Actual Startup Time"": 78.138,
                          ""Actual Total Time"": 78.25,
                          ""Actual Rows"": 758.0,
                          ""Actual Loops"": 2,
                          ""Disabled"": false,
                          ""Group Key"": [
                            ""customer.c_last""
                          ],
                          ""Planned Partitions"": 0,
                          ""HashAgg Batches"": 1,
                          ""Peak Memory Usage"": 353,
                          ""Disk Usage"": 0,
                          ""Shared Hit Blocks"": 91913,
                          ""Shared Read Blocks"": 0,
                          ""Shared Dirtied Blocks"": 0,
                          ""Shared Written Blocks"": 0,
                          ""Local Hit Blocks"": 0,
                          ""Local Read Blocks"": 0,
                          ""Local Dirtied Blocks"": 0,
                          ""Local Written Blocks"": 0,
                          ""Temp Read Blocks"": 0,
                          ""Temp Written Blocks"": 0,
                          ""Workers"": [
                            {
                              ""Worker Number"": 0,
                              ""HashAgg Batches"": 1,
                              ""Peak Memory Usage"": 321,
                              ""Disk Usage"": 0
                            }
                          ],
                          ""Plans"": [
                            {
                              ""Node Type"": ""Nested Loop"",
                              ""Parent Relationship"": ""Outer"",
                              ""Parallel Aware"": false,
                              ""Async Capable"": false,
                              ""Join Type"": ""Inner"",
                              ""Startup Cost"": 1.0,
                              ""Total Cost"": 6940.55,
                              ""Plan Rows"": 176218,
                              ""Plan Width"": 12,
                              ""Actual Startup Time"": 0.149,
                              ""Actual Total Time"": 62.346,
                              ""Actual Rows"": 149785.5,
                              ""Actual Loops"": 2,
                              ""Disabled"": false,
                              ""Inner Unique"": false,
                              ""Join Filter"": ""(customer.c_d_id = order_line.ol_d_id)"",
                              ""Rows Removed by Join Filter"": 0,
                              ""Shared Hit Blocks"": 91913,
                              ""Shared Read Blocks"": 0,
                              ""Shared Dirtied Blocks"": 0,
                              ""Shared Written Blocks"": 0,
                              ""Local Hit Blocks"": 0,
                              ""Local Read Blocks"": 0,
                              ""Local Dirtied Blocks"": 0,
                              ""Local Written Blocks"": 0,
                              ""Temp Read Blocks"": 0,
                              ""Temp Written Blocks"": 0,
                              ""Workers"": [],
                              ""Plans"": [
                                {
                                  ""Node Type"": ""Merge Join"",
                                  ""Parent Relationship"": ""Outer"",
                                  ""Parallel Aware"": false,
                                  ""Async Capable"": false,
                                  ""Join Type"": ""Inner"",
                                  ""Startup Cost"": 0.57,
                                  ""Total Cost"": 1403.31,
                                  ""Plan Rows"": 17647,
                                  ""Plan Width"": 22,
                                  ""Actual Startup Time"": 0.088,
                                  ""Actual Total Time"": 2.817,
                                  ""Actual Rows"": 15000.0,
                                  ""Actual Loops"": 2,
                                  ""Disabled"": false,
                                  ""Inner Unique"": true,
                                  ""Merge Cond"": ""((orders.o_d_id = customer.c_d_id) AND (orders.o_c_id = customer.c_id))"",
                                  ""Shared Hit Blocks"": 268,
                                  ""Shared Read Blocks"": 0,
                                  ""Shared Dirtied Blocks"": 0,
                                  ""Shared Written Blocks"": 0,
                                  ""Local Hit Blocks"": 0,
                                  ""Local Read Blocks"": 0,
                                  ""Local Dirtied Blocks"": 0,
                                  ""Local Written Blocks"": 0,
                                  ""Temp Read Blocks"": 0,
                                  ""Temp Written Blocks"": 0,
                                  ""Workers"": [],
                                  ""Plans"": [
                                    {
                                      ""Node Type"": ""Index Only Scan"",
                                      ""Parent Relationship"": ""Outer"",
                                      ""Parallel Aware"": true,
                                      ""Async Capable"": false,
                                      ""Scan Direction"": ""Forward"",
                                      ""Index Name"": ""idx_orders_o_w_id_o_d_id_o_c_id_o_id"",
                                      ""Relation Name"": ""orders"",
                                      ""Alias"": ""orders"",
                                      ""Startup Cost"": 0.29,
                                      ""Total Cost"": 869.76,
                                      ""Plan Rows"": 17647,
                                      ""Plan Width"": 16,
                                      ""Actual Startup Time"": 0.031,
                                      ""Actual Total Time"": 0.901,
                                      ""Actual Rows"": 15000.0,
                                      ""Actual Loops"": 2,
                                      ""Disabled"": false,
                                      ""Index Cond"": ""(o_w_id = 1)"",
                                      ""Rows Removed by Index Recheck"": 0,
                                      ""Heap Fetches"": 0,
                                      ""Index Searches"": 1,
                                      ""Shared Hit Blocks"": 118,
                                      ""Shared Read Blocks"": 0,
                                      ""Shared Dirtied Blocks"": 0,
                                      ""Shared Written Blocks"": 0,
                                      ""Local Hit Blocks"": 0,
                                      ""Local Read Blocks"": 0,
                                      ""Local Dirtied Blocks"": 0,
                                      ""Local Written Blocks"": 0,
                                      ""Temp Read Blocks"": 0,
                                      ""Temp Written Blocks"": 0,
                                      ""Workers"": []
                                    },
                                    {
                                      ""Node Type"": ""Index Scan"",
                                      ""Parent Relationship"": ""Inner"",
                                      ""Parallel Aware"": false,
                                      ""Async Capable"": false,
                                      ""Scan Direction"": ""Forward"",
                                      ""Index Name"": ""customer_pkey"",
                                      ""Relation Name"": ""customer"",
                                      ""Alias"": ""customer"",
                                      ""Startup Cost"": 0.28,
                                      ""Total Cost"": 253.84,
                                      ""Plan Rows"": 3000,
                                      ""Plan Width"": 18,
                                      ""Actual Startup Time"": 0.015,
                                      ""Actual Total Time"": 0.404,
                                      ""Actual Rows"": 2988.0,
                                      ""Actual Loops"": 2,
                                      ""Disabled"": false,
                                      ""Index Cond"": ""(c_w_id = 1)"",
                                      ""Rows Removed by Index Recheck"": 0,
                                      ""Index Searches"": 2,
                                      ""Shared Hit Blocks"": 150,
                                      ""Shared Read Blocks"": 0,
                                      ""Shared Dirtied Blocks"": 0,
                                      ""Shared Written Blocks"": 0,
                                      ""Local Hit Blocks"": 0,
                                      ""Local Read Blocks"": 0,
                                      ""Local Dirtied Blocks"": 0,
                                      ""Local Written Blocks"": 0,
                                      ""Temp Read Blocks"": 0,
                                      ""Temp Written Blocks"": 0,
                                      ""Workers"": []
                                    }
                                  ]
                                },
                                {
                                  ""Node Type"": ""Memoize"",
                                  ""Parent Relationship"": ""Inner"",
                                  ""Parallel Aware"": false,
                                  ""Async Capable"": false,
                                  ""Startup Cost"": 0.43,
                                  ""Total Cost"": 0.9,
                                  ""Plan Rows"": 10,
                                  ""Plan Width"": 18,
                                  ""Actual Startup Time"": 0.002,
                                  ""Actual Total Time"": 0.003,
                                  ""Actual Rows"": 9.99,
                                  ""Actual Loops"": 30000,
                                  ""Disabled"": false,
                                  ""Cache Key"": ""orders.o_d_id, orders.o_id"",
                                  ""Cache Mode"": ""logical"",
                                  ""Cache Hits"": 0,
                                  ""Cache Misses"": 17472,
                                  ""Cache Evictions"": 3277,
                                  ""Cache Overflows"": 0,
                                  ""Peak Memory Usage"": 8193,
                                  ""Shared Hit Blocks"": 91645,
                                  ""Shared Read Blocks"": 0,
                                  ""Shared Dirtied Blocks"": 0,
                                  ""Shared Written Blocks"": 0,
                                  ""Local Hit Blocks"": 0,
                                  ""Local Read Blocks"": 0,
                                  ""Local Dirtied Blocks"": 0,
                                  ""Local Written Blocks"": 0,
                                  ""Temp Read Blocks"": 0,
                                  ""Temp Written Blocks"": 0,
                                  ""Workers"": [
                                    {
                                      ""Worker Number"": 0,
                                      ""Cache Hits"": 0,
                                      ""Cache Misses"": 12528,
                                      ""Cache Evictions"": 0,
                                      ""Cache Overflows"": 0,
                                      ""Peak Memory Usage"": 7232
                                    }
                                  ],
                                  ""Plans"": [
                                    {
                                      ""Node Type"": ""Index Only Scan"",
                                      ""Parent Relationship"": ""Outer"",
                                      ""Parallel Aware"": false,
                                      ""Async Capable"": false,
                                      ""Scan Direction"": ""Forward"",
                                      ""Index Name"": ""idx_order_line_ol_w_id_ol_d_id_ol_o_id_ol_number_ol_i_id_ol_amo"",
                                      ""Relation Name"": ""order_line"",
                                      ""Alias"": ""order_line"",
                                      ""Startup Cost"": 0.42,
                                      ""Total Cost"": 0.89,
                                      ""Plan Rows"": 10,
                                      ""Plan Width"": 18,
                                      ""Actual Startup Time"": 0.001,
                                      ""Actual Total Time"": 0.002,
                                      ""Actual Rows"": 9.99,
                                      ""Actual Loops"": 30000,
                                      ""Disabled"": false,
                                      ""Index Cond"": ""((ol_w_id = 1) AND (ol_d_id = orders.o_d_id) AND (ol_o_id = orders.o_id))"",
                                      ""Rows Removed by Index Recheck"": 0,
                                      ""Heap Fetches"": 0,
                                      ""Index Searches"": 30000,
                                      ""Shared Hit Blocks"": 91645,
                                      ""Shared Read Blocks"": 0,
                                      ""Shared Dirtied Blocks"": 0,
                                      ""Shared Written Blocks"": 0,
                                      ""Local Hit Blocks"": 0,
                                      ""Local Read Blocks"": 0,
                                      ""Local Dirtied Blocks"": 0,
                                      ""Local Written Blocks"": 0,
                                      ""Temp Read Blocks"": 0,
                                      ""Temp Written Blocks"": 0,
                                      ""Workers"": []
                                    }
                                  ]
                                }
                              ]
                            }
                          ]
                        }
                      ]
                    }
                  ]
                }
              ]
            }
          ]
        }
      ]
    },
    ""Planning"": {
      ""Shared Hit Blocks"": 0,
      ""Shared Read Blocks"": 0,
      ""Shared Dirtied Blocks"": 0,
      ""Shared Written Blocks"": 0,
      ""Local Hit Blocks"": 0,
      ""Local Read Blocks"": 0,
      ""Local Dirtied Blocks"": 0,
      ""Local Written Blocks"": 0,
      ""Temp Read Blocks"": 0,
      ""Temp Written Blocks"": 0
    },
    ""Planning Time"": 0.335,
    ""Triggers"": [],
    ""Execution Time"": 96.317
  }
]"
